{
  "project_info": {
    "project_number": "275830094396",
    "project_id": "fruitaffair-dc758",
    "storage_bucket": "fruitaffair-dc758.appspot.com"
  },
  "client": [
    {
      "client_info": {
        "mobilesdk_app_id": "1:275830094396:android:0e07538a554fe0d111a139",
        "android_client_info": {
          "package_name": "com.mycompany.deliverydriverapp"
        }
      },
      "oauth_client": [],
      "api_key": [
        {
          "current_key": "AIzaSyA5j8Jsu0qsjMOR_8NPwrQ9QbBClwqwPXo"
        }
      ],
      "services": {
        "appinvite_service": {
          "other_platform_oauth_client": []
        }
      }
    }
  ],
  "configuration_version": "1"
}